Date,Voltage (V),Current (A),Temperature (Â°C),Failure
2024-01-01,202.48357076505616,32.798710873172006,71.62410862512809,0.0
2024-01-02,199.3086784941441,31.849267365825536,74.2774066464224,0.0
2024-01-03,203.23844269050346,30.11926073984035,71.0379003950002,0.0
2024-01-04,207.61514928204014,28.706126444588854,73.46019235180479,0.0
2024-01-05,198.82923312638331,31.39644662722718,65.53192666523107,0.0
2024-01-06,198.8293152152541,30.7869707708435,76.06646853686469,0.0
2024-01-07,207.89606407753695,31.790386440055464,75.00602737681112,0.0
2024-01-08,203.83717364576455,31.27034360336394,70.91455684465905,0.0
2024-01-09,197.65262807032525,32.09910543063867,78.29622834216202,0.0
2024-01-10,202.7128002179298,28.929529576878863,79.6878506881328,0.0
2024-01-11,197.68291153593768,32.63478813126865,66.96220067815513,0.0
2024-01-12,197.6713512321487,30.3951992093848,71.18637610716893,0.0
2024-01-13,201.20981135783018,34.15052174525053,71.1542882510635,0.0
2024-01-14,190.43359877671102,28.621624363820864,70.30048449445567,0.0
2024-01-15,191.37541083743483,33.471927606330496,79.14737420965874,0.0
2024-01-16,197.18856235379513,30.395821566925296,74.03086930613598,0.0
2024-01-17,194.93584439832787,28.697163992771102,73.67742579344694,0.0
2024-01-18,201.57123666297636,29.032228331891357,64.98068817796623,0.0
2024-01-19,195.45987962239394,29.35930538361136,78.17709015104613,0.0
2024-01-20,192.93848149332354,30.848331892803834,68.80370802573263,0.0
2024-01-21,207.32824384460778,31.045670976070998,75.29966315133164,0.0
2024-01-22,198.87111849756732,28.85259999212284,76.38688468979096,0.0
2024-01-23,200.33764102343963,29.951290815478036,81.80329297919326,0.0
2024-01-24,192.8762590689327,34.28454071722373,68.45589800440445,0.0
2024-01-25,197.27808637737408,33.455086340201426,59.90243922089587,0.0
2024-01-26,200.55461294854933,30.872647339348063,75.91924772376848,0.0
2024-01-27,194.24503211288848,30.0760069563364,84.00255590755427,0.0
2024-01-28,201.87849009172837,30.24006265343652,81.19473176469718,0.0
2024-01-29,196.99680655040598,31.227035945460834,76.04829707637313,0.0
2024-01-30,198.5415312510336,27.954414869603188,72.54181907183977,0.0
2024-01-31,196.99146693885302,29.48524692515331,79.03561298318655,0.0
2024-02-01,209.26139092254468,26.66283185224482,70.13226900147765,0.0
2024-02-02,199.93251387631034,30.79844624521056,77.38178884678109,0.0
2024-02-03,194.7114453552205,31.29439187940548,77.52735079583313,0.0
2024-02-04,204.11272456051594,29.033627075401252,80.30104953749439,0.0
2024-02-05,193.8957817501449,33.14797352658007,88.7983001945554,0.0
2024-02-06,201.04431797502377,27.548468673995316,76.96207983589383,0.0
2024-02-07,190.2016493806011,27.07125023958036,72.4551818714625,0.0
2024-02-08,193.35906975550785,30.448903637119944,74.87212843904003,0.0
2024-02-09,200.98430617934562,32.09419660522431,66.15462047555441,0.0
2024-02-10,204.41543282159085,30.436034314249696,67.78482530513116,1.0
2024-02-11,200.85684140594987,29.08223147426212,72.95358780943448,0.0
2024-02-12,199.4217585880588,32.15736166686259,72.37955801032703,0.0
2024-02-13,198.49448152205355,29.922983060998586,75.76177436016862,0.0
2024-02-14,192.60739004816287,29.65474540011836,70.887900338089,0.0
2024-02-15,196.40077895802645,31.767319874973346,80.60515333662235,0.0
2024-02-16,197.69680614520107,31.30464575682684,75.00103532459099,0.0
2024-02-17,205.28561113109458,26.8472156860315,74.95349839430693,0.0
2024-02-18,201.7180914478423,32.95308069945179,73.36052641743541,0.0
2024-02-19,191.18479922318633,32.760182708294906,75.7759534192949,0.0
2024-02-20,201.620419846974,28.74887459698094,79.12549132333817,0.0
2024-02-21,198.07458859791842,30.791607066874818,70.6643489214455,0.0
2024-02-22,196.61538999847022,30.988060372565478,71.70941755462371,0.0
2024-02-23,203.05838144420434,30.521347531647812,73.48136985611667,0.0
2024-02-24,205.15499761247975,28.89938969230916,68.27064538263393,0.0
2024-02-25,204.656400595581,28.656753264123896,70.90371070139251,0.0
2024-02-26,192.0985333524001,33.92274903265426,68.95774806762233,1.0
2024-02-27,198.4539381207439,32.34545803851873,79.37194590356364,0.0
2024-02-28,201.6563171570178,31.087200309188866,76.31280664500963,0.0
2024-02-29,204.8777256356118,29.258771335827788,75.96794955683772,0.0
2024-03-01,180.8671258352282,33.26048601373729,84.29099272997348,1.0
2024-03-02,191.32832309072236,26.961501197587268,81.54150197991336,1.0
2024-03-03,194.46832512996986,32.297531400744205,76.95232424964445,0.0
2024-03-04,194.01896687959663,26.5205724424438,74.48389123533752,0.0
2024-03-05,204.06262911197098,29.275118117193735,76.32681174699815,0.0
2024-03-06,206.78120014285412,27.760660210747712,72.08620671194208,0.0
2024-03-07,199.63994939209834,27.41063704855819,62.80591420861786,0.0
2024-03-08,205.01766448946012,32.321653574757036,74.32860418906849,0.0
2024-03-09,201.80818012523818,29.064597597376217,82.1137406804997,0.0
2024-03-10,196.7744012269744,30.69300776346143,79.63107701120796,0.0
2024-03-11,201.80697802754207,29.90615884224163,79.82698742295585,0.0
2024-03-12,207.69018283232984,30.95408165444624,81.18065360903108,0.0
2024-03-13,199.82086980445024,30.15364378212051,75.44328795480719,0.0
2024-03-14,207.82321827907003,27.43401555162286,75.98657853702798,0.0
2024-03-15,186.9012744795513,31.99253363889428,71.91174052282825,0.0
2024-03-16,204.10951252187613,29.012486833677375,73.41963571986476,0.0
2024-03-17,200.43523534119086,26.8868362026805,78.0788557488557,0.0
2024-03-18,198.50496324767067,29.143769678068175,81.01942218584408,0.0
2024-03-19,200.4588038826775,33.001519581268624,74.302768621595,0.0
2024-03-20,190.06215542699553,31.700443484226987,72.74905367574294,0.0
2024-03-21,194.9141540077322,28.577361012851174,79.10345792135485,1.0
2024-03-22,201.78556285755874,29.301484591363142,78.00603374464558,0.0
2024-03-23,207.38947022370758,29.356729897565234,67.7807259193323,0.0
2024-03-24,197.40864890863176,34.153495967121685,63.51909523431381,0.0
2024-03-25,195.95753198553408,30.763870904463108,72.24731575254208,0.0
2024-03-26,197.49121478207732,30.86008329438214,68.89643787042921,0.0
2024-03-27,204.57701058851038,32.060566908063684,72.45929901176345,0.0
2024-03-28,201.64375554829843,30.477578318053027,74.26109840591265,0.0
2024-03-29,197.3511989811648,29.481915708358592,72.73375795488494,0.0
2024-03-30,202.56633716556678,29.607300301830044,82.26233767235372,0.0
2024-03-31,201.34046860568986,27.41871262556542,82.8102502928453,1.0
2024-04-01,204.84322495266446,29.925555526980318,76.50237179805414,0.0
2024-04-02,196.48973453061325,31.45525908727396,78.111035720217,0.0
2024-04-03,198.36168926701117,30.1038917716146,69.30583441109616,0.0
2024-04-04,198.0394592343392,31.46528015443116,80.19555893710134,0.0
2024-04-05,192.6824252593394,29.838566839782835,74.6211785673227,0.0
2024-04-06,201.48060138532287,30.15727038063218,78.35240308620607,0.0
2024-04-07,201.30527636089946,26.003598630935784,69.64071383479923,0.0
2024-04-08,200.0255672832123,31.832655349404963,67.23120616991967,0.0
2024-04-09,190.25210387561398,31.338883341130618,87.02935407741337,1.0
2024-04-10,192.92314628974793,31.996020219719306,76.88204763048758,0.0
2024-04-11,197.8967733861732,24.20748924361262,70.48974222821245,0.0
2024-04-12,198.28642741736616,34.17674940956145,70.65168459362653,0.0
2024-04-13,195.98861365389192,29.720820743689654,80.62717392207385,0.0
2024-04-14,180.1514220524893,34.00703167843141,62.709208306447884,1.0
2024-04-15,202.02025428407268,27.920188145748938,83.21336476627982,0.0
2024-04-16,209.43092950605265,31.22554781012514,70.49689632676066,0.0
2024-04-17,200.87288906415918,27.893168873652687,78.19195962804191,0.0
2024-04-18,201.28775195361382,28.75246207860839,73.35690762125508,0.0
2024-04-19,199.62777042116917,33.82806270773357,78.01593715541172,0.0
2024-04-20,190.4061439235048,29.618635198473307,72.27942998942903,0.0
2024-04-21,199.86743062275391,30.434865746359446,74.18603546963853,0.0
2024-04-22,200.30115104970514,31.74013546137751,75.2045958769786,0.0
2024-04-23,212.31621056242642,30.99136377594521,69.98906272109264,0.0
2024-04-24,199.03819517609438,30.300837810287153,78.70412172710063,0.0
2024-04-25,201.50773671166806,30.72992200493245,72.43393216764207,0.0
2024-04-26,199.82644115147377,34.80683117047655,73.85700042329991,0.0
2024-04-27,194.15660981190234,29.88476240593283,70.02825312695744,0.0
2024-04-28,205.71411407257511,30.402198093429934,62.18833170602345,0.0
2024-04-29,204.30797937204608,27.30268728150812,79.71260558691593,1.0
2024-04-30,203.95515973521523,32.21105186591597,87.06307710806458,0.0
2024-05-01,195.4530627260263,32.37406061112076,78.92302143949011,0.0
2024-05-02,207.0139715546805,31.27746044405837,74.90369810132803,0.0
2024-05-03,192.9907446860386,27.713990174539035,73.68554585395866,0.0
2024-05-04,202.93428546900134,33.26686306460219,75.11232946406024,0.0
2024-05-05,198.80405022149256,24.088562145365096,73.78492192510544,1.0
2024-05-06,195.04731837434656,30.605270930478067,69.09593592345577,0.0
2024-05-07,197.16851135198613,28.491448299961284,80.57160847334436,0.0
2024-05-08,200.4982568254382,29.871723306814015,78.57690657720622,0.0
2024-05-09,197.482621729419,30.657524820606962,78.59092862853967,0.0
2024-05-10,192.24668284466935,30.642714430900547,77.19237869404864,0.0
2024-05-11,200.34281487403013,30.843841508470568,75.09808328846995,0.0
2024-05-12,194.68848143136947,33.227422538117295,78.3643061798341,0.0
2024-05-13,202.3679621531759,30.90706860302796,77.95907066870689,0.0
2024-05-14,195.40287882883098,29.511686729418702,73.22979644529488,0.0
2024-05-15,207.7496720250877,31.928174336576713,72.13199113551549,0.0
2024-05-16,196.08373353831882,32.37894097784928,75.50928147630994,0.0
2024-05-17,198.38969241897163,27.544784369726017,82.74510075747594,0.0
2024-05-18,204.06758608684834,31.194800139699716,68.80446462173049,0.0
2024-05-19,193.84567841783021,31.402345484621797,67.6623736712378,0.0
2024-05-20,201.13729967302064,29.404872993280016,75.82380420618259,0.0
2024-05-21,206.53571377141213,32.75141362662324,75.25443850928009,0.0
2024-05-22,195.84039276372079,32.28029303604711,79.67316525986662,1.0
2024-05-23,200.92316929266153,30.251152906943084,76.2197659895425,0.0
2024-05-24,201.29941397124213,29.65385635143226,73.88398872682598,0.0
2024-05-25,203.90911435888654,30.031158095162937,82.44931719301042,0.0
2024-05-26,193.8152464456096,27.807449826209595,66.99548010761742,0.0
2024-05-27,193.39771693457863,27.119898234811412,70.85751487609878,0.0
2024-05-28,202.60970782808448,33.18901012644994,74.48372619925476,0.0
2024-05-29,201.48492336616593,28.306077303363345,66.78405594422917,0.0
2024-05-30,205.8692954445628,24.32438853698496,77.36700275245406,1.0
2024-05-31,201.73224104748488,25.69321977279257,83.3073508286401,0.0
2024-06-01,187.35178099331546,33.06751531177615,67.50349127609921,1.0
2024-06-02,201.161268485805,27.353820413185005,76.15350452859342,0.0
2024-06-03,201.4653623664934,33.28403032027274,68.6991761741371,0.0
2024-06-04,196.42824290986817,32.019634178685266,71.91819295980261,0.0
2024-06-05,209.3288725557238,28.623699309644554,73.12401809838032,0.0
2024-06-06,202.36916460455893,34.50487161068862,73.41142451621883,0.0
2024-06-07,194.04348251398676,31.96353097398319,81.40821897501884,0.0
2024-06-08,203.28276804316914,29.350337232982756,77.78845530362562,0.0
2024-06-09,195.12659164886338,25.001188570252854,69.44271021531483,0.0
2024-06-10,203.93542301871227,34.58188514518148,76.23252389216002,0.0
2024-06-11,205.792977895037,27.220855066472808,77.49110874248393,0.0
2024-06-12,195.89658840824146,26.709202506086218,80.70074519260633,0.0
2024-06-13,204.81688064622162,32.04514086401928,82.90270343284186,0.0
2024-06-14,202.0639046346825,34.87950481267855,69.92452904086066,0.0
2024-06-15,204.11030079997244,32.768545637021035,70.94571244394831,0.0
2024-06-16,209.48396491326974,31.12781824010472,68.71211070542692,0.0
2024-06-17,198.77305941998566,31.189508683330573,73.82990070446509,0.0
2024-06-18,196.23131917821254,31.706831117560615,77.33179187223168,0.0
2024-06-19,195.55242785187238,31.51785717957353,79.9366725829455,0.0
2024-06-20,195.92094857517282,30.56238284793875,74.62024488178739,0.0
2024-06-21,199.61449145292949,30.208402207903752,73.40076238372578,0.0
2024-06-22,201.7057598740832,29.874813744200956,75.7587899612437,0.0
2024-06-23,201.3834539966501,28.492070822266648,70.82428549184988,0.0
2024-06-24,204.1359162451801,29.43864984626645,85.44769360847387,0.0
2024-06-25,200.06500945938953,26.61408637160923,66.96169486440971,0.0
2024-06-26,207.26767038578657,29.8033207464105,75.92370289447862,0.0
2024-06-27,198.67671583381022,28.022817785698166,85.1180310961482,0.0
2024-06-28,213.6008458329481,27.792821365568457,75.03399922279999,0.0
2024-06-29,203.12833673882503,30.359788302306956,74.04980482499253,0.0
2024-06-30,195.7142122179186,32.7840045726892,73.21277288594787,0.0
2024-07-01,194.64553750969444,31.836633212004624,74.09804159118796,0.0
2024-07-02,202.4123620762159,26.858998792753646,81.86424237338265,0.0
2024-07-03,198.88268607337073,28.020743726859326,63.940690443352466,0.0
2024-07-04,203.57000247046045,31.88154237597643,82.66716850648163,0.0
2024-07-05,202.36618812286773,28.03502521292338,67.88021423774927,0.0
2024-07-06,199.63585543671564,29.55073370000595,73.66673835382792,0.0
2024-07-07,195.76603140965798,31.100104198049102,72.85377789850669,0.0
2024-07-08,192.42576387657067,28.06331109027273,77.9427663488536,0.0
2024-07-09,197.7674252396649,30.21075101229192,67.00937824058126,0.0
2024-07-10,204.28199397161737,27.33194901016359,77.31086333040972,0.0
2024-07-11,201.070468720651,28.797264712097572,85.12154811643427,0.0
2024-07-12,193.77130610644005,30.639563868285073,68.18412997703595,0.0
2024-07-13,200.8659046292559,26.814012532936662,75.94853083805198,0.0
2024-07-14,201.9265868986442,30.880949475920797,71.69008911101696,0.0
2024-07-15,195.58071281899433,29.96072440214664,77.12943603096518,0.0
2024-07-16,200.76862552972764,31.104979908834295,75.09573888707877,0.0
2024-07-17,200.29104359223,30.447828268129324,71.79256545477845,0.0
2024-07-18,194.28514851084688,32.72828085994769,77.43936142435537,0.0
2024-07-19,201.78893680174141,30.250449005295813,84.02174054893372,0.0
2024-07-20,202.80392263184117,29.141188917749496,74.0454810413635,0.0
2024-07-21,205.41525621587638,30.244595006064568,78.5987897107409,0.0
2024-07-22,205.26901026017453,31.086596058072775,68.53363521064418,0.0
2024-07-23,193.11165316021453,30.097720140651408,70.21781811590995,0.0
2024-07-24,195.3108748004244,30.081183382407765,77.36203138940189,0.0
2024-07-25,202.57517633604328,28.59601662438649,82.42058014267982,0.0
2024-07-26,202.56892975456105,28.674198164898105,76.7780667439283,0.0
2024-07-27,202.57523843153024,27.194789456400613,73.43470984738423,0.0
2024-07-28,219.2636574532736,33.49915348637388,74.99645702711678,0.0
2024-07-29,202.85445255346585,27.51227352921743,68.74796133015141,0.0
2024-07-30,205.677828200903,28.614189604408185,78.02257663177683,0.0
2024-07-31,204.77000881746602,28.563185468861604,79.41166531161704,0.0
2024-08-01,203.25695625652898,31.789848753888883,72.7395483358346,0.0
2024-08-02,198.42365377679826,29.410100643415944,72.6497892612025,0.0
2024-08-03,203.79484610246635,32.49548414534747,76.32939114826024,0.0
2024-08-04,196.13587392731213,28.653018751512263,72.81640131979702,0.0
2024-08-05,198.81590696629996,30.557988324447603,74.66933692687088,0.0
2024-08-06,197.57318226085448,28.329305893480484,85.49860894583257,0.0
2024-08-07,200.4093706969316,34.29029825554677,73.76487149627002,0.0
2024-08-08,211.57329283336753,27.624803161940974,73.20829923989389,0.0
2024-08-09,190.66367403704126,30.619641420454055,71.7622909718242,0.0
2024-08-10,203.43130095187257,31.267553761864196,78.72095985749968,0.0
2024-08-11,191.93642064405174,30.827598194902997,74.09387913390948,0.0
2024-08-12,197.64034067105283,29.629424682244583,71.75313480839287,0.0
2024-08-13,205.44475298483684,29.74035860053315,81.60652016136505,0.0
2024-08-14,200.32140009547732,30.08762294395822,82.09801502256819,0.0
2024-08-15,194.61127611035346,29.705995996743024,71.99788217130647,0.0
2024-08-16,196.42348145370016,31.92775823358982,65.66730024319692,0.0
2024-08-17,203.39798874467337,34.4210460031827,80.0375684491846,0.0
2024-08-18,196.34816684141433,28.885016429984333,71.57685087119998,0.0
2024-08-19,201.08229294790988,27.260394040841845,78.95312799581384,0.0
2024-08-20,200.22785919951906,29.82343590329749,65.14948091144082,0.0
2024-08-21,196.7419982619709,35.159418675308636,79.46298669149655,0.0
2024-08-22,210.71972044662664,28.39265086406054,68.9441403535961,0.0
2024-08-23,203.16959511159007,33.27823361088814,78.65382059533262,0.0
2024-08-24,189.87428706671196,33.35540162815288,75.07136533918217,0.0
2024-08-25,200.93227157384715,28.89282351658401,70.23030290301678,0.0
2024-08-26,196.69106767615807,31.13796615837055,72.9648184353661,0.0
2024-08-27,204.2621666739811,33.256793246257075,78.4315922847835,0.0
2024-08-28,196.0373963078365,29.241744518025026,75.52947226557617,0.0
2024-08-29,199.42631779266551,29.592839279795278,77.92206490236242,0.0
2024-08-30,202.52493639490228,28.836638172102713,84.88220292257742,0.0
2024-08-31,204.32877597085061,27.970486538614267,67.17879194144474,0.0
2024-09-01,193.99851796472112,28.701444909867988,83.08606287484312,0.0
2024-09-02,198.32749382079527,27.55211946647549,75.52177968761606,0.0
2024-09-03,197.62527344419522,30.068166936518452,70.50607975838436,0.0
2024-09-04,196.73335383713143,28.460053537882715,68.34843187130505,0.0
2024-09-05,208.8272712014055,30.467571823581494,74.05439804611483,0.0
2024-09-06,202.02490855480477,26.888208707592746,79.60825055962229,0.0
2024-09-07,193.6955802283248,30.661760464428916,74.36225439811233,0.0
2024-09-08,204.58930973527387,31.66705792321785,82.55577465123673,0.0
2024-09-09,210.61078098506317,26.01252871485709,67.7441215497422,0.0
2024-09-10,205.16232630275573,30.748113139695143,74.93955526076972,0.0
2024-09-11,192.40315017022994,32.45533798494658,68.73803277793441,0.0
2024-09-12,197.57882963566874,27.58071796261759,76.81815941312485,0.0
2024-09-13,206.3345557459331,33.34514477367541,79.4344369504865,0.0
2024-09-14,196.4616526719061,30.83803801873209,72.89619103159474,0.0
2024-09-15,202.21909714073115,28.589976288483182,61.978930716864326,0.0
2024-09-16,203.8731702671467,29.88846184468459,75.99474073398247,0.0
2024-09-17,195.36534764210958,31.116653825043446,77.18369275866755,0.0
2024-09-18,199.702373219691,30.152010782824824,77.02147377480848,0.0
2024-09-19,183.79366329965464,31.077511984892737,81.17891095911077,0.0
2024-09-20,194.87806179332856,28.158652813841268,69.64473160175476,0.0
2024-09-21,198.7371592430342,30.338721648072156,78.40108052725225,0.0
2024-09-22,182.3208712381083,27.217130422883592,88.13266665342096,1.0
2024-09-23,208.16205651965817,29.7775478773026,66.10706207996742,0.0
2024-09-24,192.84929311019684,28.192184717070422,76.59825912959488,0.0
2024-09-25,197.79977756651508,28.528940114820468,72.47910084496164,0.0
2024-09-26,200.65370288643047,32.47218635042088,74.59238663449177,0.0
2024-09-27,207.2063664453306,32.18262024118854,76.73838241769168,0.0
2024-09-28,192.8206892441028,31.218276241814355,72.56385717943223,0.0
2024-09-29,205.8158187607748,27.81537447065484,71.62145960419194,0.0
2024-09-30,200.05116530509792,29.367183100610397,75.17076208744012,0.0
2024-10-01,195.09245674476026,32.42619539995837,69.56377030568599,0.0
2024-10-02,202.31051737131637,30.283433827279808,69.57087435557408,0.0
2024-10-03,200.99529847786735,34.63865907996339,78.39686641478252,0.0
2024-10-04,196.99891561420603,30.786635678788745,69.25602982420672,0.0
2024-10-05,200.3490104249501,30.38409823298006,78.33156250454606,0.0
2024-10-06,198.0734320156912,29.381767071594997,77.31295646426976,0.0
2024-10-07,200.56758672625625,30.267081809564566,66.37096635604702,0.0
2024-10-08,203.31065337260523,29.695060327238913,71.61217673832172,0.0
2024-10-09,207.93008408072677,31.41621735337718,80.97054701523686,0.0
2024-10-10,193.81092250586576,31.913404633589167,70.0941723443016,0.0
2024-10-11,210.66516687328132,28.428021078984102,72.67797868845307,0.0
2024-10-12,190.2395610023875,27.337534092884443,77.31030446625948,0.0
2024-10-13,199.2410745248221,26.327589253793406,78.91695254641297,0.0
2024-10-14,202.9415860324229,31.015982653825088,73.74230556977753,0.0
2024-10-15,201.40495933867516,27.793266787652254,72.01244902654179,0.0
2024-10-16,196.88650240089703,25.694218814095034,82.11184930849254,0.0
2024-10-17,198.95938874821363,30.77715720906193,83.6944983189879,0.0
2024-10-18,197.53499532670583,34.98599903486558,79.89429025390898,0.0
2024-10-19,197.05317621527894,29.987858176920213,75.42659071282512,0.0
2024-10-20,204.2480104851051,31.676981548903285,70.95867139179536,0.0
2024-10-21,182.04365174141367,34.025371657655064,68.2524216809087,1.0
2024-10-22,196.53545202369673,29.802220693617716,77.61257052632878,0.0
2024-10-23,204.49799937716625,31.83815296597554,77.09199110444342,0.0
2024-10-24,201.53649760438304,29.419450911622697,82.00799296473215,0.0
2024-10-25,204.0643105941948,30.534784628143807,78.25225046268069,0.0
2024-10-26,203.14814420961807,30.643395612392027,67.48459849120091,0.0
2024-10-27,179.36655442771604,30.956917097485963,86.49866278137226,1.0
2024-10-28,197.19909479901514,31.984084699073044,70.00969686342793,0.0
2024-10-29,203.73646802561632,29.650080486609184,73.08014364023825,0.0
2024-10-30,203.05185132716733,28.48850968101431,76.25100103125847,0.0
2024-10-31,199.89549203017927,31.073019687140807,84.97833744891982,0.0
2024-11-01,200.5866369165439,28.203064036417924,90.5495927800268,0.0
2024-11-02,206.38832447894214,30.056362314738255,78.03361529568092,0.0
2024-11-03,197.04214305582084,29.981762006711595,74.08401690639806,0.0
2024-11-04,202.7354869058502,32.171791131663156,77.67252824240275,0.0
2024-11-05,198.98903673783053,30.949396465759907,79.43827712936918,0.0
2024-11-06,198.9115939838639,29.94994608250971,73.39666187221404,0.0
2024-11-07,205.49388425993595,31.635532598400573,83.97605677956162,0.0
2024-11-08,204.12708174494014,32.780415098034624,76.15035379595702,0.0
2024-11-09,204.0675481800032,31.115620612703726,77.48871544545698,0.0
2024-11-10,206.52739403577164,30.020705239686762,78.3296212602723,0.0
2024-11-11,200.10501920816378,27.37632753529968,77.10793305307227,0.0
2024-11-12,203.40976485647482,27.869772673849255,79.19470250234806,0.0
2024-11-13,200.46993344088173,26.70035912003563,66.8845304858139,1.0
2024-11-14,201.6208317624422,28.780975595681433,72.20849123026984,0.0
2024-11-15,199.34928472816156,29.626057394029107,69.49922883514152,0.0
2024-11-16,200.4849798249636,30.113299849794213,77.19750615310113,0.0
2024-11-17,202.97578512718457,31.05938550871346,78.89468251756057,0.0
2024-11-18,195.90889658383264,29.859002443881817,77.28886433075942,0.0
2024-11-19,210.4619363784273,30.973003287652404,83.37246216673769,0.0
2024-11-20,194.96991309250149,30.128948829620242,74.97201990585476,0.0
2024-11-21,193.92905693606133,26.049066867292257,78.34370827796256,0.0
2024-11-22,205.79055436750033,28.12132921236249,69.54149561930343,0.0
2024-11-23,203.95831346981467,29.71182488855677,73.064501487628,0.0
2024-11-24,203.12059908526078,27.580610514317783,78.47768878782888,0.0
2024-11-25,213.13612479785215,30.306683790095235,75.87784753587239,1.0
2024-11-26,199.93876613576543,33.0615016646874,73.53016526167909,0.0
2024-11-27,195.51372814257084,32.43752370339463,74.64200374070967,0.0
2024-11-28,200.37902279096863,29.573114258139583,67.41063126659596,0.0
2024-11-29,196.61419144243945,32.9814522736999,73.21485399596695,0.0
2024-11-30,204.87559866708875,30.297334914404225,79.45191581759893,0.0
2024-12-01,199.2647130924893,29.32582805776392,77.87602508053283,0.0
2024-12-02,195.87251401603743,28.77319467291812,77.50332860690605,0.0
2024-12-03,198.39307079173503,29.395060627023742,75.2488684359048,0.0
2024-12-04,202.0646572713781,29.223646362917542,75.03531579314088,0.0
2024-12-05,197.18137723598014,30.340832444750976,71.69839430263276,0.0
2024-12-06,195.88889802216784,30.32114796209973,78.49414210101267,0.0
2024-12-07,201.21843605745957,30.00609204030683,77.10486472194695,0.0
2024-12-08,201.2248328555436,30.8738763394927,77.460094239964,0.0
2024-12-09,197.46528412314436,32.381292549572684,72.3698257866621,0.0
2024-12-10,197.6448084719084,31.899108270882646,64.23328540064378,0.0
2024-12-11,201.16024968678818,27.030204063100193,80.48576355876848,0.0
2024-12-12,184.28695933089455,21.42999478532825,80.79086660869783,1.0
2024-12-13,192.96268112811723,31.86863982247855,70.6861211797844,0.0
2024-12-14,196.40777889373783,27.266242603169157,78.46739455956997,0.0
2024-12-15,198.93276424144076,29.55046919621463,73.03993680040435,0.0
2024-12-16,201.55453782799003,27.65977394788128,80.29968192023311,0.0
2024-12-17,207.37678108474776,26.39603912483996,78.08502974788348,0.0
2024-12-18,204.28829811601008,31.082925456409576,78.4178466160024,0.0
2024-12-19,199.20030735018287,31.518310320605295,68.17022144399733,0.0
2024-12-20,199.90491896048655,28.84697919854656,81.059719926932,0.0
2024-12-21,194.98735317681096,24.817915415710182,76.30625265616928,0.0
2024-12-22,199.90743432003805,28.907511103495036,73.15361430376899,0.0
2024-12-23,198.5567068053993,30.783608010805093,75.71694233671126,0.0
2024-12-24,201.61359280169046,27.042176862451743,66.11882383550841,0.0
2024-12-25,195.86384528223837,30.36671983955831,77.04326405740335,0.0
2024-12-26,202.59673257120585,29.96938030165401,69.85314245908964,0.0
2024-12-27,207.6636945650129,31.158582999202178,68.23664857078232,0.0
2024-12-28,199.45619925771572,30.239160736828307,67.38820406891054,0.0
2024-12-29,202.0085586104947,28.05386211823689,80.56344187494963,0.0
2024-12-30,203.45071995855557,32.39314300332898,71.85368303153605,0.0
2024-12-31,197.99389764057082,29.68294085394606,82.6686385495825,0.0
2025-01-01,201.1204624090521,29.945390920980135,72.32099268473851,0.0
2025-01-02,200.06296200390898,28.133464081853607,66.46321021203526,0.0
2025-01-03,200.48838049274417,29.11343549761698,69.4173778002567,0.0
2025-01-04,196.13495108072266,28.2303945719462,81.1790581000347,0.0
2025-01-05,200.12255087129472,29.654107880153155,74.22050911031667,0.0
2025-01-06,202.48999145622724,33.42341696028468,72.25856351754699,0.0
2025-01-07,207.2557180389752,27.256197714137286,75.80009112926393,0.0
2025-01-08,204.79635413042604,26.77287720424652,77.50891368083772,0.0
2025-01-09,210.7659122875578,32.94234065498722,80.58699407951231,0.0
2025-01-10,196.16326218555974,29.581352645696267,82.24249614946463,0.0
2025-01-11,204.3616031836034,28.661854522680166,73.20115677105457,0.0
2025-01-12,200.91671002869177,32.079809374792156,68.36976156958981,0.0
2025-01-13,210.94901466608837,28.788768920526273,72.93267419438362,0.0
2025-01-14,195.95850857322424,33.652019427093876,76.30140253291444,0.0
2025-01-15,195.80139078909613,31.35585174267854,70.18120536894695,0.0
2025-01-16,197.0030367727799,29.024177183708595,70.21424542552478,0.0
2025-01-17,189.38052137845096,34.314616426531,76.71893940774943,0.0
2025-01-18,197.3712248915962,28.788570153993323,74.75673824214775,0.0
2025-01-19,196.20433669223152,31.484190744018616,75.16398497705794,0.0
2025-01-20,200.75196893238103,30.598585160812984,71.20752332649965,0.0
2025-01-21,201.7087798788858,32.603482578797596,73.84799642897116,0.0
2025-01-22,209.38085419607944,33.1230223934537,70.37883427865847,0.0
2025-01-23,204.75211919093024,30.064008298131533,79.45099205562393,0.0
2025-01-24,197.11548172168798,28.493164259307633,80.17624667361876,0.0
2025-01-25,195.5079266432582,30.919944285878234,65.76906068880953,0.0
2025-01-26,204.66494732766006,30.561125779161205,63.098446353349345,1.0
2025-01-27,193.3988339648968,34.026774495053246,67.51735372454961,0.0
2025-01-28,209.15729382927177,30.273070662165473,71.74988032796551,0.0
2025-01-29,205.89720060360642,29.269356897375783,74.58281015104819,0.0
2025-01-30,197.65412173947647,30.369360611729817,67.75177390150735,0.0
2025-01-31,191.43432735454562,27.305747420940605,70.39070093437343,0.0
2025-02-01,206.76936187082705,28.056771922978697,69.98021313959251,0.0
2025-02-02,199.4273007737369,32.40082781588885,76.03633664699473,0.0
2025-02-03,206.1890815598673,28.686211442057207,75.34672168518125,0.0
2025-02-04,192.02786170602818,27.90617803463612,71.39131223331373,0.0
2025-02-05,197.00312488523113,31.073305505054574,75.884104360697,0.0
2025-02-06,200.0262184985909,32.37140830932599,72.26659957706367,0.0
2025-02-07,200.23490296882372,31.437906621330132,73.64172444836973,0.0
2025-02-08,197.74967264260377,31.992095371611633,83.36726045149268,0.0
2025-02-09,203.1142496617375,28.486409822861077,81.70230525895174,0.0
2025-02-10,194.66189785308703,27.15637866651631,68.50209381536202,0.0
2025-02-11,199.28810257489354,33.002667303910975,79.14866208939587,0.0
2025-02-12,200.6014781585595,29.354640322315728,79.05698277245796,0.0
2025-02-13,202.57219417029376,29.498333967089906,69.2586835562369,0.0
2025-02-14,203.55807439044446,32.656388283698114,79.09388821877431,0.0
2025-02-15,194.37678954081065,31.11246001880132,82.68965959206277,0.0
2025-02-16,192.3294291463219,30.911775544163216,69.38727596877793,0.0
2025-02-17,206.38838410949253,34.330004689802166,70.41248589492868,0.0
2025-02-18,201.66157005989797,28.712963539239713,80.08830733421752,0.0
2025-02-19,196.25756731721722,31.855680256162476,76.35747655412824,0.0
2025-02-20,207.7557598776126,30.11402624979417,77.75738137619761,0.0
2025-02-21,200.5783731714643,30.537184557726516,76.70294608200248,0.0
2025-02-22,205.89648592031912,33.05693685282506,76.95347960464072,0.0
2025-02-23,200.33759240705055,31.015671512579246,68.36763935844459,0.0
2025-02-24,210.30373962440993,31.076592158099267,80.23658853310724,0.0
2025-02-25,208.62627308824858,31.730200296489755,85.87352844961421,1.0
2025-02-26,198.75517925760462,29.27009454091423,73.85304627965986,0.0
2025-02-27,204.85785475477178,28.32158066532199,74.78261525093069,0.0
2025-02-28,203.22687974792575,27.910381611957934,67.34446248722139,0.0
2025-03-01,206.84315778766174,26.067286821247997,77.57127378008917,0.0
2025-03-02,195.17538269709948,34.112414259880644,77.86028720857072,0.0
2025-03-03,203.4302572999922,27.793583268556635,74.68904491500345,0.0
2025-03-04,205.29212243424794,29.557492752828455,80.62176679935251,0.0
2025-03-05,191.20630256788442,29.446373400222157,73.3296138451003,0.0
2025-03-06,194.08370743667112,30.614813395618203,77.823029629468,0.0
2025-03-07,189.8038391111995,31.631474425078594,69.90167830653942,0.0
2025-03-08,198.65296582777722,31.72094697671949,74.88223924562881,0.0
2025-03-09,203.5877112789798,28.833845122862122,74.12822871048581,0.0
2025-03-10,207.51178526048014,29.665756572427178,76.1265396102047,0.0
2025-03-11,200.37047390209887,30.5651599009766,73.15236535583321,0.0
2025-03-12,208.14307772785645,29.502617747632907,74.34263702164166,0.0
2025-03-13,193.09949270892554,33.21469115203998,79.13023585720754,0.0
2025-03-14,191.48308780322424,30.9819499032765,72.81617881380892,0.0
2025-03-15,199.7222615055169,31.469755572099636,66.9671144963066,0.0
2025-03-16,201.92032724469652,31.325762537334825,83.7479195210271,0.0
2025-03-17,199.83652625952953,32.34694771497065,81.90727039345244,0.0
2025-03-18,189.66278949980062,30.362043117407413,68.53868652447191,0.0
2025-03-19,199.55439980243605,27.406336104088307,78.44853902622597,0.0
2025-03-20,193.47765249747573,30.799375903505283,72.48512614724328,0.0
2025-03-21,215.7548063425383,31.297341662037326,85.21791736826667,1.0
2025-03-22,201.83299123048425,28.942766636500487,76.47112064506747,0.0
2025-03-23,195.30060106836322,31.172728037510186,73.82796099841839,0.0
2025-03-24,197.43066541331655,32.47656614286727,71.08117167206802,0.0
2025-03-25,194.70393239055525,30.042543153472124,71.5472947384187,0.0
2025-03-26,199.68660451363414,30.617666025197927,70.41904042259378,0.0
2025-03-27,204.7757116025062,33.404429889270475,70.84088895884777,0.0
2025-03-28,195.07136976832228,30.481506358977136,74.66410854975322,0.0
2025-03-29,202.5202325775892,35.20336622836079,71.42120005444625,0.0
2025-03-30,197.3487119081378,31.131019291263087,78.4102603285631,0.0
2025-03-31,196.03563583868828,26.478474481688366,82.43623077667964,0.0
2025-04-01,199.4648482002272,31.506683242209064,72.09973379314978,0.0
2025-04-02,194.82378838790314,30.762316769765555,76.19702250267689,0.0
2025-04-03,197.2317534732641,32.57950550816549,77.49842555151467,0.0
2025-04-04,194.01061053705575,31.346362702539917,77.36001135459637,0.0
2025-04-05,209.82362566458195,29.723088032032454,75.37977633958043,0.0
2025-04-06,200.17631775985865,27.551403527421268,78.71341209179862,0.0
2025-04-07,196.50137246003706,29.58195348542795,77.41124476340329,0.0
2025-04-08,201.06989955367112,28.2989590915814,68.81168788836351,0.0
2025-04-09,199.43835975154585,28.838953100390555,79.34578032194636,0.0
2025-04-10,198.89515200233387,31.177156808841218,79.4364541863337,0.0
2025-04-11,203.07083350021713,33.339809008702815,71.18356947910709,0.0
2025-04-12,203.78753855023652,30.78934305964596,75.18968917723801,0.0
2025-04-13,203.32264707141226,24.930480784943065,73.4629396867584,1.0
2025-04-14,197.1209087967766,30.88920533644028,73.9534309021032,0.0
2025-04-15,198.62474151424178,32.3932629732913,80.36489023883006,0.0
2025-04-16,188.49039417632207,28.780434191361234,86.8193624730968,0.0
2025-04-17,192.42404468900725,29.731965666654165,71.07006983682508,0.0
2025-04-18,206.83437133722262,30.029376389458395,68.09477698423113,0.0
2025-04-19,208.22483856750642,28.43020337383552,76.51909297802437,0.0
2025-04-20,198.7548198022181,31.296560867687717,78.60781252563072,0.0
2025-04-21,202.88278481527882,29.758103702784435,73.84566813077616,0.0
2025-04-22,201.55625077271768,30.839064887814054,82.26630331660517,0.0
2025-04-23,215.3944040422762,28.2250156443958,68.30697100138376,0.0
2025-04-24,205.59787455717287,29.12508339935318,78.46459311515805,0.0
2025-04-25,199.36041204259618,31.444762715655543,71.97069589620553,0.0
2025-04-26,195.22229779699788,29.254333695816467,83.59688953103648,0.0
2025-04-27,191.96776839871214,33.453927702466814,84.9625767658406,0.0
2025-04-28,201.01731817933612,29.200727628770796,71.16671706108326,0.0
2025-04-29,196.21824627357847,30.44936945150377,72.2522143204571,0.0
2025-04-30,192.88873145201163,31.86518166374618,79.297939434899,0.0
2025-05-01,196.76713557878736,27.163268534133937,73.06434675105243,0.0
2025-05-02,194.59225998192804,26.478382376038446,74.77294391033881,0.0
2025-05-03,208.43570817536283,26.948687370859812,75.12694210271205,0.0
2025-05-04,204.40819878474724,32.52516820685437,65.40163421901173,0.0
2025-05-05,199.96013679341692,28.89628370821511,74.93081126952882,0.0
2025-05-06,207.39972069445014,35.116398571336504,71.55136112967914,0.0
2025-05-07,200.3868415382381,28.871504802685223,72.53438588800114,0.0
2025-05-08,195.69357899335867,30.369102606394073,82.21816001734408,0.0
2025-05-09,207.6156203863483,33.084219905135754,68.71746552860373,0.0
2025-05-10,202.6945502184233,34.01218577631825,79.06602593373988,0.0
2025-05-11,194.81376922836773,34.123007153272795,73.60518534834095,0.0
2025-05-12,199.04830660958197,32.416732461186285,73.60119915752082,0.0
2025-05-13,195.62190873307622,32.048125051622925,78.95185948025856,0.0
2025-05-14,193.08600134517832,31.185053898402366,76.70025647284446,0.0
2025-05-15,204.6308877376582,31.556722152333275,77.85306498609765,0.0
2025-05-16,212.94019565458228,33.21503260050802,88.96676093293154,1.0
2025-05-17,193.0071621309043,28.363602233155387,73.34345808408338,0.0
2025-05-18,202.81484618345286,29.993251085178095,71.93881632746125,0.0
2025-05-19,196.74678715439086,29.659630754950143,69.57424736721102,0.0
2025-05-20,197.5643730811765,29.09354390134545,70.87294735010522,0.0
2025-05-21,197.03803037880564,31.39277489491343,89.74547212654363,0.0
2025-05-22,202.43510739322832,30.963864023610554,88.684260843988,1.0
2025-05-23,200.24260813972413,30.176813772583696,68.24462816895989,0.0
2025-05-24,183.07665544044,34.41108593269465,68.59911839085221,1.0
2025-05-25,201.35228412889919,27.71662177173299,77.40933030859246,0.0
2025-05-26,199.7488094527543,29.612681081440563,77.73632398688983,0.0
2025-05-27,198.80525976566796,28.56635535879439,77.74441917658682,0.0
2025-05-28,195.462181689792,26.26692676585388,73.72522103223152,0.0
2025-05-29,197.11614334715833,29.8346386283146,74.3727286999855,0.0
2025-05-30,203.7769561291288,29.756504983233434,76.63939762079679,0.0
2025-05-31,202.5045859381219,33.02689948648426,75.42946503146665,0.0
2025-06-01,195.11222377600726,31.261623369109554,63.90349813626233,0.0
2025-06-02,200.49666152714613,27.95162635134159,73.85100184712402,0.0
2025-06-03,203.75693561685895,33.708185132668376,70.74296782869843,0.0
2025-06-04,191.65297359439313,32.442067391050706,75.87605709454256,0.0
2025-06-05,202.71680096189968,31.164195406937232,89.92629501301705,0.0
2025-06-06,196.68688120527077,29.547031802300335,76.83740832737152,0.0
2025-06-07,202.8529933429658,28.08112152655304,73.432351569138,0.0
2025-06-08,196.1837042172874,29.255586447857894,79.60900750988625,0.0
2025-06-09,190.9755894966774,32.177497239408375,77.41343943604606,0.0
2025-06-10,191.86228781058418,33.769172611869216,77.10047245225921,0.0
2025-06-11,200.24042473330692,33.08648705654438,78.03425296607836,0.0
2025-06-12,201.29861250860742,29.022301156427453,85.28271782414771,0.0
2025-06-13,195.47841687447794,27.760765133421977,69.34555782337043,0.0
2025-06-14,203.19296229388686,30.28177249382241,77.36816038405728,0.0
2025-06-15,191.6923996886552,26.463121268874296,70.3680943500923,0.0
2025-06-16,199.66960100676343,30.646335428369564,77.77756323171124,0.0
2025-06-17,193.9449190011877,29.70479482740266,70.40656744256952,0.0
2025-06-18,196.7408194609892,29.067926996263516,72.91316593197458,0.0
2025-06-19,200.23699335658208,26.81059386546641,73.52455042881047,0.0
2025-06-20,195.69793317358022,31.027200213139434,79.87908359672355,0.0
2025-06-21,198.07722227885088,28.934598320676177,79.59227221971207,0.0
2025-06-22,191.90464246037857,28.41077206316757,77.68640716228668,1.0
2025-06-23,197.11554065238425,24.2554755734367,75.27467055499925,0.0
2025-06-24,204.1784605603257,29.944970189898726,71.45210072625413,0.0
2025-06-25,194.35146572671192,33.54450319333949,68.70747544662333,0.0
2025-06-26,202.6490208895764,33.32251842909574,73.91491474787814,0.0
2025-06-27,207.2078431032895,29.085807486827456,73.4575860577209,0.0
2025-06-28,187.64177749936354,28.795575879276438,87.13358243172762,0.0
2025-06-29,196.01552372264763,30.937548512150048,77.16479912680349,0.0
2025-06-30,206.85733211615826,32.33075851222655,62.08454477346619,1.0
2025-07-01,198.98477306978504,30.603583799638933,72.17612997914529,0.0
2025-07-02,201.85572936685654,31.53216055676938,80.106916477147,0.0
2025-07-03,196.9800740664209,32.45386644776862,85.44221386434963,0.0
2025-07-04,200.4329489373645,29.799691847040094,67.0700834388102,0.0
2025-07-05,199.2216138230396,29.592652499646068,65.60037807430477,0.0
2025-07-06,205.83891030829903,28.244034826486878,84.35482587685891,0.0
2025-07-07,201.27210421650608,28.34623929192028,76.94807088685452,0.0
2025-07-08,201.68801331037602,29.547042216196946,70.65853634061817,0.0
2025-07-09,197.94061516938766,30.734731013632356,77.67314543061218,0.0
2025-07-10,197.56196887963753,31.827169252466497,61.82126130491561,0.0
2025-07-11,197.8372090609019,28.39364209863931,75.0168775329858,0.0
2025-07-12,201.9722607118915,32.985377137919045,76.63910586421542,0.0
2025-07-13,197.8950775958987,29.457752797914864,79.62135069768915,0.0
2025-07-14,201.44887428448206,29.957265411303126,69.93052023853731,0.0
2025-07-15,210.3770039932272,28.50557664170435,75.4284358070168,0.0
2025-07-16,204.35562351715845,25.151519479454116,70.37287686970207,0.0
2025-07-17,198.3698823391608,31.7680907927221,76.27691877837158,0.0
2025-07-18,206.00606961081974,31.473687794184865,70.52326838818487,0.0
2025-07-19,197.95962313489224,29.437344885763572,72.9594958041989,0.0
2025-07-20,189.80937732411073,30.133981434449744,70.02092302604885,0.0
2025-07-21,194.95956844541297,31.0318784354082,78.25568120911828,0.0
2025-07-22,190.6460403948707,26.874908286226916,79.29225558328332,0.0
2025-07-23,198.24243257979344,28.94189464530741,73.82689715021293,0.0
2025-07-24,200.09209189594776,31.588529359243655,75.19118997480014,0.0
2025-07-25,208.38218656137641,27.491421153661502,67.75704292683228,0.0
2025-07-26,201.63463686882082,30.58711586433326,73.50161675996607,0.0
2025-07-27,198.90449735595567,27.28683639075319,74.74897691479127,0.0
2025-07-28,204.14702790591744,30.932859964867053,88.10396545514988,0.0
2025-07-29,188.94432345496057,29.928717035405032,69.44016487112918,0.0
2025-07-30,201.17807279054284,26.76973636818898,82.32088619376219,0.0
2025-07-31,203.85432596943483,32.329478708914344,79.98429386732904,0.0
2025-08-01,192.60706877110078,28.5308168464039,76.40318202245068,0.0
2025-08-02,205.71877021603464,28.37949512597124,83.79310242097567,0.0
2025-08-03,201.69248203747208,30.401138394461885,76.86052736303431,0.0
2025-08-04,197.923560430496,32.29727469885743,76.94579597833965,0.0
2025-08-05,203.16390933053142,27.968356362043206,74.73439673491227,0.0
2025-08-06,211.35346428902199,30.123359699695943,81.11784441209313,0.0
2025-08-07,200.9093312752925,30.857633000661146,80.48234616905442,0.0
2025-08-08,201.24110293150167,31.386211214526288,71.87161356251895,0.0
2025-08-09,197.70319550229877,30.35288311055445,68.40376402700616,0.0
2025-08-10,195.75077815267605,29.265944321833356,73.98509681302171,0.0
2025-08-11,204.15167908272122,28.34481955870256,70.99980717801176,0.0
2025-08-12,195.71958087045567,30.17228776609275,74.68237712692323,0.0
2025-08-13,200.35783118609697,27.855721976028786,81.1871906734207,0.0
2025-08-14,197.6117127661744,24.157299033010787,72.71349172456605,0.0
2025-08-15,202.39489912873196,30.873119608315335,74.78588309344212,0.0
2025-08-16,201.66831052643474,31.80786968217239,75.29011367404198,0.0
2025-08-17,205.1876997212895,25.274135128916324,79.24215441102642,0.0
2025-08-18,197.44991800572626,27.980538590580124,63.765553330076976,0.0
2025-08-19,198.65062532353315,31.238308522010396,71.96649852617351,0.0
2025-08-20,195.10618142108845,34.1149909394234,76.05641846139736,0.0
2025-08-21,197.77853369961943,30.041587415350815,81.00039478213431,0.0
2025-08-22,201.88650246522425,28.543994117541732,72.54048776246897,0.0
2025-08-23,203.78494308322675,29.634207117790318,65.61723646979063,0.0
2025-08-24,195.38917337911187,32.74975283829637,78.09855722983067,0.0
2025-08-25,204.3480296005283,28.70807164175093,71.82318805587185,0.0
2025-08-26,206.77818929402474,28.401615986699493,69.0516667045482,0.0
2025-08-27,202.0671745161185,29.034512955635936,71.87827305143388,0.0
2025-08-28,209.38397906279033,28.093342783482576,74.07737321172075,0.0
2025-08-29,196.13105400448214,30.245340631989592,71.97627667730893,0.0
2025-08-30,193.77672648344293,33.24935691693912,63.97216971450465,0.0
2025-08-31,191.1063987554786,30.64615854623206,79.48533098443566,0.0
2025-09-01,207.48022155744593,29.495292995747423,81.37437520639361,0.0
2025-09-02,203.2718282817703,29.41637746216891,78.25760995669754,0.0
2025-09-03,199.72207664544771,26.873618382606686,69.31157164787592,0.0
2025-09-04,201.3998431315991,31.766219554294317,73.99254233026241,0.0
2025-09-05,194.3725547635081,29.844325605974397,74.96739342385271,0.0
2025-09-06,212.22875989808412,29.63904017281875,77.99397194780956,0.0
2025-09-07,200.64610590987613,36.386215135689724,78.3417024435904,0.0
2025-09-08,200.54697397302448,30.597505816731374,71.32913100610752,0.0
2025-09-09,203.62883311949346,28.496417899809632,75.4099777820678,0.0
2025-09-10,202.40504615868358,29.147284807588914,77.2864020230762,0.0
2025-09-11,201.11942012139565,32.29689141839351,82.27911161073384,0.0
2025-09-12,196.04762772277343,30.226540821075528,78.52253269912362,0.0
2025-09-13,202.35734178567998,27.123444043365268,78.94528343687759,0.0
2025-09-14,209.41012248237516,31.838457869150407,75.4191331396468,0.0
2025-09-15,206.72710023077488,28.66371182892201,82.05229572601752,0.0
2025-09-16,207.96593313319698,33.74659555243509,77.04881397979749,0.0
2025-09-17,197.44392161784407,32.1600961314293,70.69456044913215,0.0
2025-09-18,195.0519758987071,29.105356208682498,82.01684985062596,0.0
2025-09-19,199.37106539950176,32.562032723470224,78.48951636269514,0.0
2025-09-20,200.27862456144348,30.135711021054806,72.78477989435758,0.0
2025-09-21,205.47095759235475,31.705547350244437,72.60253516300378,0.0
2025-09-22,191.5376768514259,30.96946563458895,76.48287772570382,0.0
2025-09-23,207.64775159730306,28.307286690018252,77.31592397633793,0.0
2025-09-24,199.20996050710505,28.712900335365077,75.98646132815603,0.0
2025-09-25,197.8655946502629,32.059921635162326,76.55654336721443,0.0
2025-09-26,194.93947812369916,29.33044933578692,83.4997868728819,0.0
2025-09-27,191.72571664067115,29.192703073516007,80.35771576117443,0.0
2025-09-28,204.11585291980958,28.089754841301293,75.95317795632512,0.0
2025-09-29,200.36658983594202,30.84719813118692,79.70655290383742,0.0
2025-09-30,193.55019550129472,34.12504983848629,69.8373804823623,0.0
2025-10-01,193.5246061396819,27.864934171491456,76.98963524973405,0.0
2025-10-02,198.32107650354936,30.048438913345517,84.04653174866556,0.0
2025-10-03,208.34510762644697,32.82444111083086,73.90977052303813,0.0
2025-10-04,198.70204324318198,29.84071721750857,70.76183035690458,0.0
2025-10-05,192.48428523440947,30.904743592499468,71.73955555703469,0.0
2025-10-06,198.77128467957027,27.87521294370624,69.55183481328805,0.0
2025-10-07,198.63638215126164,30.856614194415297,71.07619045936148,0.0
2025-10-08,186.51556678529215,29.625711469990904,73.14745950704986,0.0
2025-10-09,199.72852566741093,31.971459991359726,67.97216490410679,0.0
2025-10-10,198.8453273489566,32.3747721031295,75.07809166974802,0.0
2025-10-11,203.4810318240671,35.17912728403723,79.51138586893323,0.0
2025-10-12,209.24478047472672,31.159266346427152,70.46121909926539,0.0
2025-10-13,205.6328251477388,30.651592633164334,82.59641961820884,0.0
2025-10-14,198.65555654722584,30.388768603154674,77.55396044263797,0.0
2025-10-15,194.46737045629166,29.293667414378625,80.15290292812028,0.0
2025-10-16,212.8667990162493,30.676967686923383,71.71082723073931,0.0
2025-10-17,200.29609217007243,29.409197179721943,79.27262613533308,0.0
2025-10-18,200.06964645956472,30.336921952539228,69.54033049802344,0.0
2025-10-19,199.87937456445,32.63519507121592,79.45123750418254,0.0
2025-10-20,200.99042380383926,27.986914869440717,75.85919669896765,0.0
2025-10-21,199.2781979403803,32.27975712225809,77.76625609992392,0.0
2025-10-22,197.1316899655988,32.63423013467973,69.12202697187574,0.0
2025-10-23,197.26570529379805,29.76386294601784,70.52465078861698,0.0
2025-10-24,199.83623364892,25.75629020198281,77.98614109126693,0.0
2025-10-25,197.28287614433117,28.784356025811135,70.258259978879,0.0
2025-10-26,196.43577108661418,32.59398909312222,77.31603146049561,0.0
2025-10-27,200.53215113845948,29.954263875402237,68.16431096769877,0.0
2025-10-28,198.72511391289572,28.00139553541018,79.24087106333334,0.0
2025-10-29,207.51996494291345,28.990450157543567,68.83738342615746,0.0
2025-10-30,186.74515095803494,31.681240053009105,77.76149968839762,0.0
2025-10-31,205.45753425961232,31.093467136402758,78.12815466823001,0.0
2025-11-01,206.23042596248814,29.52213580166061,71.51614090785212,0.0
2025-11-02,189.63304883795925,29.266351176370623,77.91013283542364,0.0
2025-11-03,198.28656202959826,29.216483701912356,76.30221131666778,0.0
2025-11-04,198.14279567002103,28.155179631002994,72.30579071903631,0.0
2025-11-05,192.96244152641088,33.23075137893888,69.95722657961896,0.0
2025-11-06,196.11091656204562,29.35535906157732,65.1868715416371,0.0
2025-11-07,194.44712077267084,32.43431704165099,76.74825023649846,0.0
2025-11-08,208.76135221711812,33.0426321038449,67.17598614318972,0.0
2025-11-09,204.67839196573732,31.99662179629592,75.47672099720654,0.0
2025-11-10,206.3577754749708,29.136759374563905,73.68275891958875,0.0
2025-11-11,203.60836032021618,30.807460180673218,78.39571387719097,0.0
2025-11-12,194.35474114391386,29.951608787218166,73.48977250255068,0.0
2025-11-13,197.37739866860113,28.192596278539742,73.35276106826454,0.0
2025-11-14,202.4468728061396,30.648718563443207,78.65935352144147,0.0
2025-11-15,193.88936095554027,27.641920417680396,76.67529014542059,0.0
2025-11-16,203.56499215086194,32.37535877692313,76.58077978591389,0.0
2025-11-17,198.7983730092093,29.070765405403215,77.34633794904263,0.0
2025-11-18,198.125895962252,30.40231931174568,67.32213938396447,0.0
2025-11-19,184.10928527753185,33.01872317000063,82.33840822396132,1.0
2025-11-20,202.22131655743019,29.482190052591847,78.06234397006801,0.0
2025-11-21,198.1951691709046,31.173387602950548,69.91658435711751,0.0
2025-11-22,205.79664901682125,29.05019268675495,73.77959763162899,0.0
2025-11-23,178.25156303468606,35.54011861785793,74.5269366439595,1.0
2025-11-24,203.07967803472133,27.3080406395065,74.32751607799133,0.0
2025-11-25,202.96550628984193,30.252759159092825,76.66929983284267,0.0
2025-11-26,198.45226780343006,33.87785799811657,82.15683390915592,0.0
2025-11-27,201.6306651112106,27.99933735078885,80.40883363836414,0.0
2025-11-28,193.7444321180735,28.644510058950296,68.43890403284297,0.0
2025-11-29,204.62013509603452,31.02781569931783,78.11034995153024,0.0
2025-11-30,199.07548931778504,30.359163563879196,81.64466659767704,0.0
2025-12-01,197.3863848974048,30.701260198547118,76.93404260344602,0.0
2025-12-02,205.24504612918446,30.978374260295325,80.45490212592983,0.0
2025-12-03,196.4782815472862,31.26944293712354,85.06135222850382,0.0
2025-12-04,192.9576935181822,32.21939968391245,80.11854773053491,0.0
2025-12-05,192.2168541323805,30.819637313857026,76.24654297820864,0.0
2025-12-06,203.0300497567282,29.517484690762917,80.22544237042376,0.0
2025-12-07,193.5978532375186,31.345147402405463,75.72443916548445,0.0
2025-12-08,225.29562958551605,30.89666664409244,75.1311015650414,1.0
2025-12-09,189.59035296058138,29.734732507234853,73.24292882143133,0.0
2025-12-10,208.4822818414502,28.050941390658718,82.81706679416054,0.0
2025-12-11,201.0550873360131,32.214161338573945,70.90785667028999,0.0
2025-12-12,199.51643444064803,29.759237672092805,82.66183862339058,0.0
2025-12-13,197.27540456595526,25.654660907971927,77.49932061870186,0.0
2025-12-14,201.99568057176035,31.694843354300843,68.00346912599029,0.0
2025-12-15,199.81182648787575,28.929343628092155,76.83824646495711,0.0
2025-12-16,205.51650941008262,29.818933435391678,64.49986746174189,0.0
2025-12-17,200.5711382433102,30.663960661138027,78.12754008415519,0.0
2025-12-18,200.7515088073094,30.380999359558132,79.42615741494495,0.0
2025-12-19,198.18193893893073,31.418903634278077,72.03822022173973,0.0
2025-12-20,199.71527188139467,29.12902725886031,75.61773847977791,0.0
2025-12-21,201.53900884446028,31.026211596352166,84.77078716875143,0.0
2025-12-22,191.44915803671688,29.480906644832167,72.47126647869031,0.0
2025-12-23,193.25907288947144,31.477620961775006,69.705462064717,0.0
2025-12-24,203.71632047011357,31.230734968026105,82.40831701231299,0.0
2025-12-25,190.728608294469,30.948031725879705,90.86085656372663,1.0
2025-12-26,199.0800833182366,32.171964232350064,75.01847835923924,0.0
2025-12-27,200.09216966532696,28.928073109771905,80.05731517704179,0.0
2025-12-28,201.73790852680835,31.61611559656229,81.70737957765441,0.0
2025-12-29,197.3012015984532,30.734574626802683,71.28757883730808,0.0
2025-12-30,196.10847637298843,33.676367353590244,72.57347082316066,0.0
2025-12-31,200.9792262754884,29.553068035256295,81.15437256577367,0.0
2026-01-01,195.10813611192484,29.301366407763606,83.42507139354255,0.0
2026-01-02,202.04126377857236,29.961160788224536,77.81440430087177,0.0
2026-01-03,191.4870819788108,29.39364043433145,70.60092823248974,0.0
2026-01-04,205.1457781866282,31.5998838038841,84.9353055584972,0.0
2026-01-05,202.36298741206522,26.767378783126823,72.34514551094017,0.0
2026-01-06,201.28014867156938,27.892635161707293,73.32431109414274,0.0
2026-01-07,204.91345491972757,27.864394156841612,76.7116891724481,0.0
2026-01-08,207.1933518523367,29.77282727599866,74.01942864912948,1.0
2026-01-09,205.07185032509065,33.42122674516385,79.26987988276112,0.0
2026-01-10,190.79562884334177,29.791101562925057,77.07432750180955,0.0
2026-01-11,193.60211516632148,29.66235655361998,77.31644265059053,0.0
2026-01-12,209.3505520719368,31.592290084673003,80.05712793349704,1.0
2026-01-13,200.13045525105417,32.32375660521638,77.79069757259253,0.0
2026-01-14,183.49087557055952,31.736411308088016,69.52616203641996,1.0
2026-01-15,196.3712809342327,30.47673796546957,73.51696270465101,0.0
2026-01-16,200.9338338223854,31.95039525956486,76.2066096745839,0.0
2026-01-17,193.28307522790783,29.937741700942848,65.82138193887465,1.0
2026-01-18,184.88819406093648,28.41301866948882,73.17289748209821,1.0
2026-01-19,192.9666945157589,32.00209218513428,73.97764389506939,0.0
2026-01-20,195.3838337694455,24.593535414001526,83.77737849157745,0.0
2026-01-21,193.24157697191833,31.355750639061814,82.86509862607429,0.0
2026-01-22,195.12063373511333,28.691848633745153,72.67097215440918,0.0
2026-01-23,205.2682089830392,26.338734206287086,74.24581144216653,0.0
2026-01-24,195.25300555584028,31.022405199049963,74.63026217195804,0.0
2026-01-25,213.16191032418695,32.747317090325915,72.74170261920189,0.0
2026-01-26,202.46658950440445,29.725102970744615,75.97512492014063,0.0
2026-01-27,200.92418061847437,31.905749094405877,71.20858965556205,0.0
2026-01-28,195.70821109909394,33.22455651597729,69.34692332531237,0.0
2026-01-29,203.50154939704495,32.6298289071681,78.11355611950134,0.0
2026-01-30,197.12181086881114,33.27992905874279,78.14764792110905,0.0
2026-01-31,200.6100490732268,31.484254982143785,70.97842120170004,0.0
2026-02-01,212.80042269134398,30.150867277803187,79.476777153813,0.0
2026-02-02,199.51970050137675,26.796068376205664,71.84211135417334,0.0
2026-02-03,215.13069865984977,31.138147060971576,83.18831040079453,1.0
2026-02-04,196.48411787437055,28.313506809367617,79.10172006306227,0.0
2026-02-05,199.8250575475152,34.341885434995625,74.83193717648143,0.0
2026-02-06,208.85400317817755,29.648228375135325,77.27370456070567,0.0
2026-02-07,196.86516471106117,30.24640961356897,72.41785178056215,0.0
2026-02-08,209.06224278998465,31.102970752080935,74.01766708285952,0.0
2026-02-09,203.53875967727737,30.087204892744907,73.9707028455983,0.0
2026-02-10,213.05065245928907,30.596612677078987,78.77688127521674,1.0
2026-02-11,203.1620386952776,28.754701276531097,74.11612918442108,0.0
2026-02-12,204.86277224813364,30.389214910474486,67.25690850568127,0.0
2026-02-13,203.10904981108598,28.515058828603905,72.54423126428948,0.0
2026-02-14,192.14887640054772,27.359954977558587,73.57562253315164,0.0
2026-02-15,196.36431412087566,28.77646181818943,73.7191012375231,0.0
2026-02-16,198.76240682224247,29.925926405903176,73.79251277064611,0.0
2026-02-17,199.62783285449976,29.14139555096548,74.69117900069935,0.0
2026-02-18,203.10336048775338,28.61515804025229,77.39720759043033,0.0
2026-02-19,200.88850500466626,27.187365072656334,79.37258537066262,0.0
2026-02-20,193.3232782064495,29.83378885474261,71.75117386575866,0.0
2026-02-21,201.90098925502983,26.990559251937995,68.98399572305428,0.0
2026-02-22,203.0529287264191,31.520111927379205,69.78977793878448,0.0
2026-02-23,202.7989522396552,30.164879505869006,72.56398539402537,0.0
2026-02-24,205.4039036277731,27.08489700107014,73.24039341091745,0.0
2026-02-25,204.16961077274453,29.38158184590027,71.1500196690127,0.0
2026-02-26,202.29590039614217,28.495687188818835,68.51941667875053,0.0
2026-02-27,199.64917144270677,30.638349020838362,72.71939586262906,0.0
2026-02-28,191.69519533242004,32.68090089204629,75.90713310056985,0.0
2026-03-01,202.14809109566292,26.249655060708513,77.97514732917783,0.0
2026-03-02,201.03843843581555,30.230052158294836,72.2128847344584,0.0
2026-03-03,204.44257748149315,31.428666439408268,78.2280298969803,1.0
2026-03-04,193.61625712089847,31.342680152900932,70.36650845576345,0.0
2026-03-05,194.59471729795868,30.42639325647538,74.84280414812612,0.0
2026-03-06,205.26576426666452,28.496061336522363,70.75785682904592,0.0
2026-03-07,199.80222423071672,29.361892128666764,77.865639066206,0.0
2026-03-08,203.40750348686313,28.407948286393022,66.07066754032944,0.0
2026-03-09,200.1415918806523,32.152014277197196,73.20185163773769,0.0
2026-03-10,200.1487806974787,30.042623297343884,76.50553669595871,0.0
2026-03-11,204.69141902988,33.802381371506016,75.91917258161253,0.0
2026-03-12,197.41977635891314,29.878678372370757,88.46516831990249,0.0
2026-03-13,200.48060388470492,28.583186466179075,76.74900012283953,0.0
2026-03-14,197.6886235564748,26.972571214774344,69.97972701578995,0.0
2026-03-15,197.82751886283842,26.39372064748811,74.52267876455464,0.0
2026-03-16,198.4541393826568,26.83172811398902,66.11876833266774,0.0
2026-03-17,201.11066885816857,30.534253302022968,74.5970012535162,0.0
2026-03-18,197.60625689168262,31.017450046459867,70.83471971499621,0.0
2026-03-19,206.2787806278676,26.837618595935734,79.57695137780081,0.0
2026-03-20,195.52696348890248,31.79007662815223,72.25229862702233,0.0
2026-03-21,199.06564177919321,29.033877896633122,74.41617042102376,0.0
2026-03-22,197.80134470862913,30.2935860239711,71.82221079297798,0.0
2026-03-23,207.23488942176866,33.22444125651085,83.69425675926665,0.0
2026-03-24,200.98277388255786,31.793678631731062,73.39378616941045,0.0
2026-03-25,205.15922269734318,29.462938704188335,84.162785217396,0.0
2026-03-26,192.57219813481515,28.217615549169427,79.07075881059133,0.0
2026-03-27,201.3352513293463,25.69636919734139,77.41033363667692,0.0
2026-03-28,204.44815397811718,28.56169336151516,76.8436657365876,0.0
2026-03-29,200.41141994637712,29.57773952234461,76.96898649108125,0.0
2026-03-30,205.32740187532676,28.02564094569763,65.36163710327195,0.0
2026-03-31,197.41355774949812,29.73748606581539,73.60558302924622,0.0
2026-04-01,207.0467372009279,30.153703765917538,79.2257898559216,0.0
2026-04-02,211.49449061809625,29.550288036383844,74.75551408262947,0.0
2026-04-03,198.1858071978017,28.69999483835308,67.97405076598213,0.0
2026-04-04,197.77248739299614,30.337309343933455,74.73797774711265,0.0
2026-04-05,207.26692238558851,30.883881299138817,83.52052758127746,0.0
2026-04-06,207.89786072865357,27.819201845114307,81.23445857767359,0.0
2026-04-07,197.38569986423366,32.82186475949254,74.68997995316984,0.0
2026-04-08,197.89906591452072,29.802823735431478,79.75724638529043,0.0
2026-04-09,198.59107695569747,30.037699245889694,73.16746489815974,0.0
2026-04-10,193.2777474448286,31.416428846513114,66.4806420658664,0.0
2026-04-11,195.406740267579,30.466432262527004,70.37767005935223,0.0
2026-04-12,194.97929616623966,31.90627326782649,82.81444384254098,0.0
2026-04-13,196.16101217447937,30.57424833040365,73.63003459085348,0.0
2026-04-14,199.8265755630661,28.775125250719125,73.78308010312492,0.0
2026-04-15,201.1710736626826,30.723007050412203,73.5008090186256,0.0
2026-04-16,207.75250246407037,27.712547585358678,84.52068294786504,0.0
2026-04-17,195.00822979630604,30.217119411553046,83.12979457681031,0.0
2026-04-18,204.9216119923829,29.933540018711078,86.09390116724067,0.0
2026-04-19,198.93005577887246,29.58376628545492,74.20477394799974,0.0
2026-04-20,199.75268145173783,29.74292497712214,76.47812244373547,0.0
2026-04-21,203.374097460833,26.236301909004723,67.41678725289604,0.0
2026-04-22,194.3863898921885,28.902550184518077,82.38467213059137,0.0
2026-04-23,201.91204873092025,30.18568980228223,69.16110224366032,0.0
2026-04-24,200.8322610410653,30.319712783994802,76.08387781881315,0.0
2026-04-25,202.46225632004075,27.944649718148085,69.51348736183579,0.0
2026-04-26,201.44584321953909,32.5314156817294,72.05566586630653,0.0
2026-04-27,212.27650069955448,28.267650303571,70.8136878447515,0.0
2026-04-28,196.81130007874341,31.938914401053474,71.96062369662091,0.0
2026-04-29,197.3450152249909,30.85438872374337,72.3043864842551,0.0
2026-04-30,196.88429736787617,28.707545380312393,72.25865602537462,0.0
2026-05-01,197.22261440419874,33.55062178521902,79.16666955890153,0.0
2026-05-02,196.81306436346742,27.61272633648704,69.4756860346874,0.0
2026-05-03,205.94508265553776,31.838308347220003,76.10270713506934,0.0
2026-05-04,207.10252123994928,32.00116463608596,81.0897957615278,0.0
2026-05-05,197.14626853125262,28.65875958184671,72.43401817743302,0.0
2026-05-06,195.83822213447885,32.78493060012866,71.41040554626198,0.0
2026-05-07,202.35707778193202,29.499906970802094,73.84737687409874,0.0
2026-05-08,197.23888477859515,30.577387258559714,80.89862604180355,0.0
2026-05-09,203.16465908877754,30.52064367754244,75.97053815476679,0.0
2026-05-10,201.0146151042565,29.731382517058904,72.343928526962,0.0
2026-05-11,192.42127942501384,31.621616546319565,77.4193832559402,0.0
2026-05-12,207.7375260066503,31.586977441104427,69.48853925081788,0.0
2026-05-13,208.9793883654776,26.502936053523637,78.40679755221474,0.0
2026-05-14,196.93605654757806,32.6086804857563,77.04303653850884,0.0
2026-05-15,198.0614922003201,26.675016023928652,73.46095764430558,0.0
2026-05-16,201.42932695362452,32.06509240868331,70.80707100776385,0.0
2026-05-17,201.67228394993512,32.25341027365516,70.56659538858271,0.0
2026-05-18,203.29272136336417,27.818067139569603,77.67408668172955,0.0
2026-05-19,210.05102269383175,29.17837142409083,81.14490251244531,0.0
2026-05-20,199.11526386252976,27.788590663028128,71.81346126485603,0.0
2026-05-21,196.00851377730774,29.57015793942253,77.29193351775743,0.0
2026-05-22,190.2903383941333,27.509911680711518,68.2156744823328,1.0
2026-05-23,196.3453498002904,31.55932106453868,72.076911346714,0.0
2026-05-24,199.834365135631,32.62061749223922,74.84470533564549,0.0
2026-05-25,208.97278931758893,32.79136762157991,70.45158291509082,0.0
2026-05-26,197.41194350481913,28.875663946843396,70.31746812605202,0.0
2026-05-27,201.1189397581945,29.581556252510943,71.66110221765557,0.0
2026-05-28,199.91788551963623,26.633123615558098,76.46096364163186,0.0
2026-05-29,205.9419663672404,28.388259867007623,74.06335490796813,0.0
2026-05-30,212.6346621293681,31.929703266194917,63.808843833375136,0.0
2026-05-31,197.3456561353984,33.23116564709646,64.39649923682467,0.0
2026-06-01,197.5528027874089,27.531302256240156,71.96567411071412,0.0
2026-06-02,205.22080438534536,28.81507148169421,77.28843293026776,0.0
2026-06-03,203.40945744813155,29.947188486082148,61.26247578637383,0.0
2026-06-04,209.23353662868016,30.560322317639212,72.50134911924185,0.0
2026-06-05,202.91964092662982,28.380792960156707,72.3687607174129,0.0
2026-06-06,198.2035395460647,30.84812208892818,81.94168889104223,0.0
2026-06-07,202.95327415346154,29.052321305858168,73.07489094143568,0.0
2026-06-08,205.54351790291454,29.971095458243443,76.91494492370464,0.0
2026-06-09,218.56900629395088,31.093151087918265,82.85090444783314,1.0
2026-06-10,202.5363701555365,30.012844539621877,64.347167600964,0.0
2026-06-11,205.33337344794577,29.12722821894686,78.84103608315868,0.0
2026-06-12,205.84647795222835,29.780780392148337,76.07698252728144,0.0
2026-06-13,206.91079495518764,29.82327408158933,77.54134319837294,0.0
2026-06-14,203.24354943794822,29.259977940235746,94.63118853218162,0.0
2026-06-15,199.16440959841572,29.482407874665796,64.57943530250705,0.0
2026-06-16,216.3599066506403,30.587958181759728,76.55738552910917,1.0
2026-06-17,206.0325448325418,31.121838895882476,73.56276240299822,0.0
2026-06-18,195.9153216450638,29.40903936394168,76.43664452201504,0.0
2026-06-19,201.8433665443645,31.39390880902147,74.77243877349379,0.0
2026-06-20,198.03330593836318,29.33236102048798,72.87881833300978,0.0
2026-06-21,200.1437241146741,32.346249275173285,72.1508353588062,0.0
2026-06-22,206.3922593130365,30.73928438439619,76.64754367786504,0.0
2026-06-23,200.9554953400995,29.78539571199154,67.4141315166416,0.0
2026-06-24,200.23218274078076,30.895433851620556,78.75289583760883,0.0
2026-06-25,193.2007192951004,26.858247695863,72.91902797557373,0.0
2026-06-26,203.7312678301361,27.74646506218039,69.34965330479821,0.0
2026-06-27,203.22742090570537,27.61214998720189,72.74993571002094,0.0
2026-06-28,210.8162736165273,30.285886189527414,81.28574608431286,0.0
2026-06-29,198.461108825235,33.46502999897018,72.32332456491889,0.0
2026-06-30,201.09575163831968,34.46260029238526,76.7922680910481,0.0
2026-07-01,201.24691841855378,31.276102202881514,71.34521862142263,0.0
2026-07-02,207.88726639881736,31.001688949888916,78.7896092496181,0.0
2026-07-03,199.52352233806525,26.397884531694523,78.42753869395102,0.0
2026-07-04,201.3951076288517,28.914652400531956,84.24304416648206,0.0
2026-07-05,203.0394825485827,28.42443249618352,74.12218027250393,0.0
2026-07-06,200.9330456157818,28.75830480349777,78.34327402378953,0.0
2026-07-07,197.76783192724736,29.66371236283042,75.49033769769473,0.0
2026-07-08,200.97044996449154,29.055818844605746,81.47935890931507,0.0
2026-07-09,205.36815874929886,26.041400379248426,71.40583806195635,0.0
2026-07-10,194.8674235029447,31.495820512235067,78.72502656438641,0.0
2026-07-11,200.66484837073438,27.85451394852039,74.0265135194166,0.0
2026-07-12,196.49939592530413,30.4784937282223,74.67905911445752,0.0
2026-07-13,223.63420264486683,39.117659513616644,72.99229123083111,1.0
2026-07-14,192.38406547608113,28.161230816827153,76.26120198213339,0.0
2026-07-15,197.20539076364207,24.93942495450734,74.4188547843902,0.0
2026-07-16,201.88605937532262,29.42799155623978,76.07356591585263,0.0
2026-07-17,207.8276201461717,32.20191926999714,82.89059028781092,0.0
2026-07-18,199.67124869463507,33.91669490844119,79.9272484280761,0.0
2026-07-19,197.224002366534,27.540900811095167,79.34577296248449,0.0
2026-07-20,209.40578534720294,30.993398446473044,72.72230236988065,0.0
2026-07-21,192.7599304979188,29.069379086439895,70.55379585885838,0.0
2026-07-22,189.00597021689958,29.788103291391728,79.77650279118876,0.0
2026-07-23,202.20007225026666,35.28868669403407,79.38023396264897,0.0
2026-07-24,197.48972887823695,26.994059343209692,82.36335337875491,0.0
2026-07-25,194.89383591434643,30.50747932298915,71.98009687015386,0.0
2026-07-26,203.54178223649677,30.935386343530865,73.85225672319827,0.0
2026-07-27,201.21900356885598,32.1715726498787,66.80257918737283,0.0
2026-07-28,197.17960684631635,30.19596630694179,73.03764446969564,0.0
2026-07-29,193.59847800664554,30.616101079008203,79.98285255289724,0.0
2026-07-30,204.36228664140071,29.216702865156417,72.66752310385901,0.0
2026-07-31,203.2510058897933,30.538253882490213,78.20239897600412,0.0
2026-08-01,199.50412068110307,29.31361544900518,74.04748447001094,0.0
2026-08-02,209.23318498023832,31.243143779712103,76.6202851411078,0.0
2026-08-03,194.64957616836924,29.260779327912733,69.26154305092166,0.0
2026-08-04,192.3723741453763,30.754200787804372,75.42604724816951,0.0
2026-08-05,196.5404596505938,29.941474372630044,60.044320145496386,0.0
2026-08-06,199.7720699182225,32.252100501544334,74.06551920919007,0.0
2026-08-07,201.21669724661345,29.897212552823028,66.84763378142429,0.0
2026-08-08,198.79381971071834,26.453935063586236,81.02997258273408,0.0
2026-08-09,201.7602769825715,32.523843001427984,78.88703676382255,0.0
2026-08-10,185.07367901875085,26.310432763966055,69.96709297855455,1.0
2026-08-11,207.2188230203663,28.69246732270236,82.6050311357969,0.0
2026-08-12,199.58924410803715,28.808677411913017,70.25541739587581,0.0
2026-08-13,205.58647915794063,32.74887618634163,83.73681598957779,0.0
2026-08-14,201.71362673188852,25.728651572042608,79.66095782130192,0.0
2026-08-15,202.28376609576893,36.27549706731999,73.81722356390527,0.0
2026-08-16,202.848836401161,32.112113618132106,80.67810073591473,0.0
2026-08-17,202.23854280008658,30.44647782825832,69.46853243794183,0.0
2026-08-18,203.2136137993377,29.890211998767427,70.87742919236163,0.0
2026-08-19,206.64576265066216,30.571108149715315,71.9570513838015,0.0
2026-08-20,200.98260584850735,31.04224485675868,72.35511145967992,0.0
2026-08-21,203.54501878794255,31.290431171900114,69.71721178619873,0.0
2026-08-22,199.55132152856388,31.111208932006896,81.11541533547663,0.0
2026-08-23,207.20058607724735,30.1791613625105,73.70572799815085,0.0
2026-08-24,196.61803848970365,29.605323159385346,76.7625248417844,0.0
2026-08-25,195.98107284901408,31.899028042002378,68.93305639140833,1.0
2026-08-26,199.79921024677827,29.610183439294637,65.89698349725741,0.0
2026-08-27,192.84612448940976,32.26754019373413,76.35028679195712,0.0
2026-08-28,200.64052207455396,31.187113444561724,65.43872512290112,0.0
2026-08-29,196.5947417126256,24.11922273067144,74.65682976957265,0.0
2026-08-30,204.20321774494363,31.31180155305952,68.15842480583595,0.0
2026-08-31,196.73688010348803,30.38947238943755,84.93637999615405,0.0
2026-09-01,197.7690828339261,29.962582487108204,79.5568136108736,0.0
2026-09-02,190.55229634527234,29.22296309382223,75.5287689563574,0.0
2026-09-03,197.7384684037546,32.248225439972025,81.31853338827334,0.0
2026-09-04,187.8806033668552,31.895052924245714,70.76842011267132,0.0
2026-09-05,192.0804858825714,28.45424466435278,77.71739689335047,0.0
2026-09-06,203.8020732807215,30.814104574249072,75.99905216859356,0.0
2026-09-07,203.92900079325415,28.05668653091743,76.32010040666835,0.0
2026-09-08,202.12728780892482,27.24076367042214,81.36176750053384,0.0
2026-09-09,195.16511928435392,28.74656555082007,78.662460513899,0.0
2026-09-10,202.64636176817834,36.490397177994566,79.3581191811462,1.0
2026-09-11,199.98198730454715,31.906250090752174,66.72556281885852,0.0
2026-09-12,194.2081765540373,31.026170840194585,70.19976852360269,0.0
2026-09-13,207.51699150883576,31.450191573695996,74.38645533202138,0.0
2026-09-14,204.38681145287836,31.032356574229915,75.46686187138326,0.0
2026-09-15,202.414844309405,33.3734265622221,78.39671642460488,1.0
2026-09-16,200.13442919497265,30.86384508934788,87.05838337789211,0.0
2026-09-17,197.8058929564212,34.58737685402173,77.96520169610045,1.0
2026-09-18,189.79132565787856,31.508582659627148,78.01059160196242,0.0
2026-09-19,198.76411308739702,32.37782674294929,75.36018430641873,0.0
2026-09-20,196.590078760011,31.416607694402128,73.93895515049424,0.0
2026-09-21,200.01917644097952,26.19510556049078,62.42068001270739,1.0
2026-09-22,198.59449853557024,32.14030047663285,75.38740259259431,0.0
2026-09-23,208.9884326342476,29.94695748150188,76.28876270071375,0.0
2026-09-24,203.20421430633505,28.236250697544563,68.79119712259188,0.0
2026-09-25,197.14410505108603,29.67386607211247,76.67088208622448,0.0
2026-09-26,202.8629139067808,28.5101947103871,74.22370475587626,0.0
